{"loss":{"0":1.2685621977,"1":0.9827029109,"2":0.966896534,"3":0.9655297995,"4":0.9655492902,"5":0.965310514,"6":0.9655582905,"7":0.9651835561,"8":0.9653136134,"9":0.9652838111,"10":1.0063122511},"acc":{"0":0.4514814913,"1":0.4444444478,"2":0.434074074,"3":0.4348148108,"4":0.425555557,"5":0.4381481409,"6":0.4344444573,"7":0.4444444478,"8":0.4418518543,"9":0.4377777874,"10":0.4325926006},"val_loss":{"0":0.9785240293,"1":0.9125678539,"2":0.8946498036,"3":0.8942796588,"4":0.8954601288,"5":0.8951869011,"6":0.8956921101,"7":0.892392993,"8":0.8928338885,"9":0.8871840835,"10":0.8922627568},"val_acc":{"0":0.362582773,"1":0.5786423683,"2":0.5769867301,"3":0.5769867301,"4":0.5794702172,"5":0.5769867301,"6":0.362582773,"7":0.577814579,"8":0.5761589408,"9":0.577814579,"10":0.5761589408},"lr":{"0":0.001,"1":0.001,"2":0.001,"3":0.001,"4":0.001,"5":0.001,"6":0.001,"7":0.001,"8":0.001,"9":0.001,"10":0.001}}