{"loss":{"0":1.1801409721,"1":0.9759838581,"2":0.9245253801,"3":0.8523356915,"4":0.8071854115,"5":0.7629779577,"6":0.7343539596,"7":0.7029697299,"8":0.6717748642,"9":0.668487072,"10":0.6231260896,"11":0.5985339284,"12":0.5876300931,"13":0.5520729423,"14":0.5507887006,"15":0.5235399008,"16":0.5145736337,"17":0.483733803,"18":0.4737305045,"19":0.4637193084,"20":0.4612063766,"21":0.4303875566,"22":0.4091148078,"23":0.4038551152,"24":0.3942354321,"25":0.3757303953,"26":0.3725273311,"27":0.3452831209,"28":0.351216644,"29":0.3352745771,"30":0.3232104182,"31":0.3116146326,"32":0.2966436446,"33":0.297748208,"34":0.2772363722,"35":0.2603034377,"36":0.2640863359,"37":0.2642847896,"38":0.2530710697,"39":0.2375379503,"40":0.2361360192,"41":0.2362279296,"42":0.2111056,"43":0.2180882394,"44":0.2082168013,"45":0.1898356825,"46":0.2025006264,"47":0.1859499514,"48":0.1851098239,"49":0.1801520735,"50":0.17119959,"51":0.1615593284,"52":0.1536820084,"53":0.1605896503,"54":0.1586478055,"55":0.1468795538,"56":0.1480364799,"57":0.1301236004,"58":0.1303315312,"59":0.1305363029},"accuracy":{"0":0.4655555487,"1":0.5433333516,"2":0.5729629397,"3":0.6233333349,"4":0.6325926185,"5":0.6533333063,"6":0.6692592502,"7":0.6925926208,"8":0.7037037015,"9":0.702962935,"10":0.722222209,"11":0.74777776,"12":0.7529629469,"13":0.7774074078,"14":0.7655555606,"15":0.7822222114,"16":0.7844444513,"17":0.8070370555,"18":0.8114814758,"19":0.8259259462,"20":0.8070370555,"21":0.8325926065,"22":0.8422222137,"23":0.8355555534,"24":0.8455555439,"25":0.8551852107,"26":0.8585185409,"27":0.8722222447,"28":0.8659259081,"29":0.8625925779,"30":0.8781481385,"31":0.8811110854,"32":0.8911111355,"33":0.8918518424,"34":0.9014815092,"35":0.9037036896,"36":0.9066666961,"37":0.9129629731,"38":0.9092592597,"39":0.9092592597,"40":0.9144444466,"41":0.9192592502,"42":0.9277777672,"43":0.9207407236,"44":0.9251852036,"45":0.9366666675,"46":0.9311110973,"47":0.9414814711,"48":0.9366666675,"49":0.9392592311,"50":0.945925951,"51":0.9474074244,"52":0.9470370412,"53":0.9466666579,"54":0.9470370412,"55":0.9507407546,"56":0.9522222281,"57":0.9581481218,"58":0.9585185051,"59":0.9562963247},"val_loss":{"0":0.958000958,"1":0.9001323581,"2":0.8726862073,"3":0.8445346951,"4":0.8682541251,"5":0.8394462466,"6":0.8143244386,"7":0.8285950422,"8":0.8572068214,"9":0.8239563107,"10":0.8250068426,"11":0.8308834434,"12":0.8572933078,"13":0.8389031291,"14":0.8538066745,"15":0.8590173721,"16":0.8723728657,"17":0.862291038,"18":0.8637408614,"19":0.8660256267,"20":0.8676692843,"21":0.8727501631,"22":0.9201259017,"23":0.9216997623,"24":0.9016404152,"25":0.9253088236,"26":0.9373964071,"27":0.939876318,"28":0.9400217533,"29":0.979968369,"30":0.9617319703,"31":0.9506821036,"32":0.9588388801,"33":0.9660494924,"34":0.9625123739,"35":1.0016869307,"36":1.032648325,"37":1.0199050903,"38":1.0138862133,"39":1.0366871357,"40":1.0854914188,"41":1.0328748226,"42":1.0744434595,"43":1.1020880938,"44":1.0512589216,"45":1.0913021564,"46":1.0969295502,"47":1.0715143681,"48":1.1160298586,"49":1.1563776731,"50":1.109863162,"51":1.1689376831,"52":1.1756922007,"53":1.2202761173,"54":1.1562694311,"55":1.1852829456,"56":1.1683757305,"57":1.1978610754,"58":1.1720799208,"59":1.1910009384},"val_accuracy":{"0":0.5653973222,"1":0.5794702172,"2":0.5968543291,"3":0.6150662303,"4":0.6018211842,"5":0.6316224933,"6":0.6440397501,"7":0.630794704,"8":0.6167218685,"9":0.6432119012,"10":0.6506622434,"11":0.6399006844,"12":0.6341059804,"13":0.6539735198,"14":0.6440397501,"15":0.6490066051,"16":0.6382450461,"17":0.6498344541,"18":0.6539735198,"19":0.6581125855,"20":0.6581125855,"21":0.6548013091,"22":0.6399006844,"23":0.6490066051,"24":0.6572847962,"25":0.6581125855,"26":0.6523178816,"27":0.6539735198,"28":0.6647350788,"29":0.6514900923,"30":0.6605960131,"31":0.6605960131,"32":0.6581125855,"33":0.6597682238,"34":0.6680463552,"35":0.655629158,"36":0.6514900923,"37":0.655629158,"38":0.6581125855,"39":0.6481788158,"40":0.6481788158,"41":0.655629158,"42":0.6456953883,"43":0.6506622434,"44":0.6672185659,"45":0.6523178816,"46":0.655629158,"47":0.6655629277,"48":0.6539735198,"49":0.6548013091,"50":0.6548013091,"51":0.6440397501,"52":0.6465231776,"53":0.6365894079,"54":0.6490066051,"55":0.6481788158,"56":0.6523178816,"57":0.6481788158,"58":0.6589403749,"59":0.661423862}}