{"loss":{"0":1.3988838196,"1":0.9176004529,"2":0.809571147,"3":0.6919924617,"4":0.5702182055,"5":0.4393432736,"6":0.3600593209,"7":0.2705134451,"8":0.2178709805,"9":0.185693875,"10":0.1229620352,"11":0.127261132,"12":0.0686440989,"13":0.0432446189,"14":0.0338811204,"15":0.0293562971,"16":0.0276962444,"17":0.0201939978,"18":0.0281188618,"19":0.0222496092,"20":0.0194753055,"21":0.0208205953,"22":0.0212576445,"23":0.0218283292,"24":0.0183439981,"25":0.0160773974,"26":0.0208940767,"27":0.0193553902,"28":0.0197637081,"29":0.0202558115,"30":0.0227110051},"acc":{"0":0.4651851952,"1":0.5500000119,"2":0.628888905,"3":0.6914814711,"4":0.7648147941,"5":0.8199999928,"6":0.8611111045,"7":0.8944444656,"8":0.91814816,"9":0.9418518543,"10":0.9607407451,"11":0.9596296549,"12":0.9818518758,"13":0.9885185361,"14":0.9903703928,"15":0.9918518662,"16":0.993703723,"17":0.9955555797,"18":0.9929629564,"19":0.9944444299,"20":0.9959259033,"21":0.9951851964,"22":0.9940740466,"23":0.993703723,"24":0.9951851964,"25":0.9985185266,"26":0.9962962866,"27":0.9962962866,"28":0.9955555797,"29":0.9959259033,"30":0.9951851964},"val_loss":{"0":0.9548617005,"1":1.0168973207,"2":0.9219235182,"3":1.0330371857,"4":1.0998182297,"5":0.9261538386,"6":0.8930796385,"7":1.027130127,"8":1.0315656662,"9":1.241425395,"10":1.4334180355,"11":1.3125318289,"12":1.2217372656,"13":1.2294743061,"14":1.2662097216,"15":1.2712768316,"16":1.2908451557,"17":1.3008055687,"18":1.3071969748,"19":1.3096498251,"20":1.3094285727,"21":1.3116066456,"22":1.3124204874,"23":1.3130608797,"24":1.3150854111,"25":1.3113223314,"26":1.3138360977,"27":1.3146494627,"28":1.3106821775,"29":1.3141959906,"30":1.3149963617},"val_acc":{"0":0.362582773,"1":0.5422185659,"2":0.362582773,"3":0.362582773,"4":0.3865894079,"5":0.5794702172,"6":0.5769867301,"7":0.5637417436,"8":0.5844370723,"9":0.5562914014,"10":0.5951986909,"11":0.594370842,"12":0.6456953883,"13":0.6688741446,"14":0.6796357632,"15":0.6788079739,"16":0.6763244867,"17":0.677980125,"18":0.6796357632,"19":0.6796357632,"20":0.6796357632,"21":0.6796357632,"22":0.6796357632,"23":0.6788079739,"24":0.677980125,"25":0.6796357632,"26":0.6788079739,"27":0.6771523356,"28":0.677980125,"29":0.677980125,"30":0.6796357632},"lr":{"0":0.0099999998,"1":0.0099999998,"2":0.0099999998,"3":0.0099999998,"4":0.0099999998,"5":0.0099999998,"6":0.0099999998,"7":0.0099999998,"8":0.0099999998,"9":0.0099999998,"10":0.0099999998,"11":0.0099999998,"12":0.0005,"13":0.0005,"14":0.0005,"15":0.0005,"16":0.0005,"17":0.000025,"18":0.000025,"19":0.000025,"20":0.000025,"21":0.000025,"22":0.000002,"23":0.000002,"24":0.000002,"25":0.000002,"26":0.000002,"27":0.000002,"28":0.000002,"29":0.000002,"30":0.000002}}