{"loss":{"0":1.0328507423,"1":0.9264524579,"2":0.9051008224,"3":0.8905614614,"4":0.8718349338,"5":0.8653584123,"6":0.8473201394,"7":0.8300282955,"8":0.8357926607,"9":0.8224660754,"10":0.8074603081,"11":0.7966060638,"12":0.795992732,"13":0.7769711018,"14":0.7634910345,"15":0.7599617243,"16":0.7550725341,"17":0.748067975,"18":0.7440131307,"19":0.7336946726,"20":0.7231145501,"21":0.7045717835,"22":0.6953792572,"23":0.6913661361,"24":0.6815804243,"25":0.6738726497,"26":0.6578074098,"27":0.6586946249,"28":0.6481662393,"29":0.6363220811,"30":0.643483758,"31":0.6241289973,"32":0.6194565892,"33":0.6165110469,"34":0.602252543,"35":0.5996539593,"36":0.5983733535,"37":0.5847341418,"38":0.5636560321,"39":0.5574532151,"40":0.5495085716,"41":0.5741478801,"42":0.5443413854,"43":0.54247576,"44":0.5297161341,"45":0.5260877013,"46":0.5302531123,"47":0.5141156912,"48":0.488520503,"49":0.4949096739,"50":0.4993929863,"51":0.4866167903,"52":0.468590945,"53":0.4709159434,"54":0.4587521255,"55":0.4628645778,"56":0.4496900439,"57":0.4446699619,"58":0.4427126348,"59":0.4295178652},"acc":{"0":0.4755555689,"1":0.5433333516,"2":0.5637037158,"3":0.573333323,"4":0.5970370173,"5":0.5877777934,"6":0.603333354,"7":0.6192592382,"8":0.6000000238,"9":0.6177777648,"10":0.6274074316,"11":0.6444444656,"12":0.6266666651,"13":0.6385185122,"14":0.6537036896,"15":0.6655555367,"16":0.6562963128,"17":0.6633333564,"18":0.6603703499,"19":0.6644444466,"20":0.6737037301,"21":0.6866666675,"22":0.6925926208,"23":0.6914814711,"24":0.6929629445,"25":0.695925951,"26":0.7151851654,"27":0.7088888884,"28":0.7096296549,"29":0.7240740657,"30":0.7244444489,"31":0.730740726,"32":0.7344444394,"33":0.7322221994,"34":0.7481481433,"35":0.7381481528,"36":0.7337037325,"37":0.7518518567,"38":0.7651851773,"39":0.7707407475,"40":0.767037034,"41":0.7566666603,"42":0.7725926042,"43":0.7707407475,"44":0.7803703547,"45":0.7844444513,"46":0.7759259343,"47":0.7877777815,"48":0.8059259057,"49":0.7977777719,"50":0.7996296287,"51":0.7992592454,"52":0.8096296191,"53":0.8166666627,"54":0.8159258962,"55":0.8203703761,"56":0.8188889027,"57":0.8203703761,"58":0.8222222328,"59":0.8299999833},"val_loss":{"0":0.8819817305,"1":0.8777769804,"2":0.881975174,"3":0.8706262708,"4":0.8357995749,"5":0.838023603,"6":0.8864774108,"7":0.8608332872,"8":0.8596083522,"9":0.870228231,"10":0.8599414825,"11":0.8497205377,"12":0.9001040459,"13":0.8387805223,"14":0.8429628015,"15":0.8544864058,"16":0.8667914867,"17":0.9743033648,"18":0.8809986115,"19":0.8827831745,"20":0.884637475,"21":0.8352815509,"22":0.9125395417,"23":0.8921874762,"24":0.8718203306,"25":0.9142488241,"26":0.9052215219,"27":0.8852527142,"28":0.9166172147,"29":0.9479625821,"30":0.9831236601,"31":1.0264240503,"32":0.8997311592,"33":0.9197438359,"34":0.9209350944,"35":0.9957875609,"36":1.1376596689,"37":1.0370789766,"38":0.9446458817,"39":0.9278801084,"40":0.9437539577,"41":0.9639925957,"42":0.9556976557,"43":0.9262701273,"44":1.0331522226,"45":1.0309199095,"46":0.9854077697,"47":0.9883781672,"48":1.0123832226,"49":0.9672527909,"50":0.9796257019,"51":0.9850224257,"52":1.0214239359,"53":1.0094372034,"54":1.0810577869,"55":1.0401269197,"56":1.0728927851,"57":1.0065478086,"58":1.0521700382,"59":1.0872581005},"val_acc":{"0":0.5215231776,"1":0.5488410592,"2":0.536423862,"3":0.5579470396,"4":0.5960264802,"5":0.5852649212,"6":0.5521523356,"7":0.5670529604,"8":0.5687085986,"9":0.5860927105,"10":0.5802980065,"11":0.6001655459,"12":0.5612582564,"13":0.5910596251,"14":0.5927152038,"15":0.5860927105,"16":0.5728476644,"17":0.5107616186,"18":0.5653973222,"19":0.5711920261,"20":0.5753311515,"21":0.6009933949,"22":0.5612582564,"23":0.5745033026,"24":0.5860927105,"25":0.5620861053,"26":0.5703642368,"27":0.5852649212,"28":0.5827814341,"29":0.5753311515,"30":0.5480132699,"31":0.516556263,"32":0.5761589408,"33":0.5761589408,"34":0.588576138,"35":0.5496688485,"36":0.487582773,"37":0.5422185659,"38":0.5786423683,"39":0.5802980065,"40":0.5745033026,"41":0.5653973222,"42":0.5728476644,"43":0.594370842,"44":0.5372516513,"45":0.5504966974,"46":0.577814579,"47":0.5761589408,"48":0.5736755133,"49":0.5794702172,"50":0.5662251711,"51":0.5687085986,"52":0.5596026778,"53":0.6034768224,"54":0.5422185659,"55":0.5637417436,"56":0.5562914014,"57":0.6043046117,"58":0.5819536448,"59":0.5786423683}}