,loss,acc,val_loss,val_acc,lr
0,1.2380553483963013,0.3163333237171173,1.1008652448654175,0.3625827729701996,0.001
1,1.0987493991851807,0.3179999887943268,1.0991425514221191,0.05794702097773552,0.001
2,1.098720908164978,0.32766667008399963,1.0994186401367188,0.06208609417080879,0.001
3,1.0987244844436646,0.328000009059906,1.0989933013916016,0.058774832636117935,0.001
4,1.0987098217010498,0.3176666796207428,1.098649501800537,0.5769867300987244,0.001
5,1.0987048149108887,0.31433331966400146,1.0986467599868774,0.3625827729701996,0.001
6,1.0987149477005005,0.31466665863990784,1.0987539291381836,0.3625827729701996,0.001
7,1.0987586975097656,0.31833332777023315,1.0971492528915405,0.5769867300987244,0.001
8,1.0987752676010132,0.3140000104904175,1.0977227687835693,0.3625827729701996,0.001
