{"loss":{"0":1.2380553484,"1":1.0987493992,"2":1.0987209082,"3":1.0987244844,"4":1.0987098217,"5":1.0987048149,"6":1.0987149477,"7":1.0987586975,"8":1.0987752676},"acc":{"0":0.3163333237,"1":0.3179999888,"2":0.3276666701,"3":0.3280000091,"4":0.3176666796,"5":0.3143333197,"6":0.3146666586,"7":0.3183333278,"8":0.3140000105},"val_loss":{"0":1.1008652449,"1":1.0991425514,"2":1.0994186401,"3":1.0989933014,"4":1.0986495018,"5":1.09864676,"6":1.0987539291,"7":1.0971492529,"8":1.0977227688},"val_acc":{"0":0.362582773,"1":0.057947021,"2":0.0620860942,"3":0.0587748326,"4":0.5769867301,"5":0.362582773,"6":0.362582773,"7":0.5769867301,"8":0.362582773},"lr":{"0":0.001,"1":0.001,"2":0.001,"3":0.001,"4":0.001,"5":0.001,"6":0.001,"7":0.001,"8":0.001}}