{"loss":{"0":1.2364284992,"1":0.9327172637,"2":0.8118760586,"3":0.7277257442,"4":0.6590248942,"5":0.5935515165,"6":0.563692987,"7":0.5256866813,"8":0.4703177512,"9":0.4365164936,"10":0.4060418606,"11":0.3727499545,"12":0.3724910915,"13":0.341068387,"14":0.3276633918,"15":0.2869944572,"16":0.2821946144,"17":0.2942993045,"18":0.2578772902,"19":0.2692669332,"20":0.2551180422,"21":0.2375697792,"22":0.2305855453,"23":0.2352393568,"24":0.220910117,"25":0.2169500142,"26":0.1883650869,"27":0.1938508153,"28":0.1879658252,"29":0.1918538362},"accuracy":{"0":0.4320000112,"1":0.5646666884,"2":0.6393333077,"3":0.6903333068,"4":0.7166666389,"5":0.7559999824,"6":0.7633333206,"7":0.7836666703,"8":0.8036666512,"9":0.8273333311,"10":0.8429999948,"11":0.8489999771,"12":0.8470000029,"13":0.8610000014,"14":0.874333322,"15":0.8923333287,"16":0.8906666636,"17":0.8859999776,"18":0.8976666927,"19":0.8923333287,"20":0.8949999809,"21":0.9103333354,"22":0.9096666574,"23":0.9113333225,"24":0.9136666656,"25":0.9173333049,"26":0.9286666512,"27":0.9300000072,"28":0.9250000119,"29":0.92900002},"val_loss":{"0":1.3681982756,"1":1.2905323505,"2":1.3015699387,"3":1.4071074724,"4":1.5117089748,"5":1.4651664495,"6":1.5194700956,"7":1.6727330685,"8":1.6791107655,"9":1.6497095823,"10":1.6427609921,"11":1.7914863825,"12":1.7376343012,"13":1.8234642744,"14":1.9009239674,"15":1.9028296471,"16":1.9919189215,"17":2.1467895508,"18":2.0617725849,"19":2.064827919,"20":2.1912286282,"21":2.156293869,"22":2.2386469841,"23":2.2408721447,"24":2.1615695953,"25":2.1077065468,"26":2.2823843956,"27":2.3059735298,"28":2.298820734,"29":2.2569541931},"val_accuracy":{"0":0.4006622434,"1":0.4089404047,"2":0.399006635,"3":0.416390717,"4":0.3708609343,"5":0.4081125855,"6":0.4130794704,"7":0.3667218685,"8":0.3865894079,"9":0.4180463552,"10":0.4205298126,"11":0.3973509967,"12":0.4139072895,"13":0.4056291282,"14":0.399006635,"15":0.4155629277,"16":0.3956953585,"17":0.3700331151,"18":0.4048013389,"19":0.393211931,"20":0.3857615888,"21":0.3973509967,"22":0.3890728354,"23":0.3857615888,"24":0.4048013389,"25":0.4188741744,"26":0.3965231776,"27":0.4023178816,"28":0.3981788158,"29":0.4039735198}}