{"loss":{"0":1.564755559,"1":0.6106923223,"2":0.1869504005,"3":0.093419008,"4":0.0843882561,"5":0.0253026504,"6":0.0783956498,"7":0.0313059501,"8":0.0046580862,"9":0.0009002407,"10":0.0031886161,"11":0.0095486334,"12":0.0047565904,"13":0.0046354234,"14":0.0016641736},"acc":{"0":0.3930000067,"1":0.752333343,"2":0.9303333163,"3":0.9670000076,"4":0.9739999771,"5":0.9916666746,"6":0.9786666632,"7":0.9926666617,"8":0.999333322,"9":1.0,"10":0.9990000129,"11":0.9973333478,"12":0.9980000257,"13":0.9980000257,"14":0.9996666908},"val_loss":{"0":1.3266122341,"1":1.3049795628,"2":1.3490973711,"3":1.2913941145,"4":1.3434574604,"5":1.3043526411,"6":1.2905709743,"7":1.4355005026,"8":1.6092437506,"9":1.9133940935,"10":2.3118121624,"11":2.9508666992,"12":3.2113220692,"13":3.4842703342,"14":3.6198341846},"val_acc":{"0":0.0612582788,"1":0.0612582788,"2":0.0612582788,"3":0.0612582788,"4":0.0612582788,"5":0.0612582788,"6":0.0612582788,"7":0.0637417212,"8":0.0985099301,"9":0.1523178816,"10":0.2069536448,"11":0.2599337697,"12":0.268211931,"13":0.2814569473,"14":0.2764900625},"lr":{"0":0.0099999998,"1":0.0099999998,"2":0.0099999998,"3":0.0099999998,"4":0.0099999998,"5":0.0099999998,"6":0.0099999998,"7":0.0099999998,"8":0.0099999998,"9":0.0099999998,"10":0.0099999998,"11":0.0099999998,"12":0.0005,"13":0.0005,"14":0.0005}}