{"loss":{"0":1.068895936,"1":0.9677268863,"2":0.9039139748,"3":0.8413236737,"4":0.8065181375,"5":0.7486044765,"6":0.7374842763,"7":0.6913599968,"8":0.6634392738,"9":0.659814775,"10":0.6251398325,"11":0.6100019217,"12":0.6019552946,"13":0.5837846994,"14":0.5767272711,"15":0.5606018901,"16":0.5454511642,"17":0.5517306328,"18":0.5340679884,"19":0.524306953,"20":0.5227203965,"21":0.5219953656,"22":0.5072844028,"23":0.5289293528,"24":0.518273294,"25":0.5078389049,"26":0.4847584665,"27":0.4770872295,"28":0.4546667337,"29":0.4583404958},"acc":{"0":0.4169999957,"1":0.5353333354,"2":0.5723333359,"3":0.6179999709,"4":0.6159999967,"5":0.6706666946,"6":0.6579999924,"7":0.6946666837,"8":0.7093333602,"9":0.7080000043,"10":0.7200000286,"11":0.7400000095,"12":0.7356666923,"13":0.7526666522,"14":0.752333343,"15":0.7649999857,"16":0.7686666846,"17":0.7603333592,"18":0.7693333626,"19":0.7779999971,"20":0.774666667,"21":0.7696666718,"22":0.7810000181,"23":0.7630000114,"24":0.7693333626,"25":0.7816666961,"26":0.7943333387,"27":0.8000000119,"28":0.8063333631,"29":0.8059999943},"val_loss":{"0":1.095995903,"1":1.2807410955,"2":1.34777987,"3":1.3399419785,"4":1.4903485775,"5":1.6839600801,"6":1.7837227583,"7":1.8701968193,"8":1.8542244434,"9":1.9023082256,"10":2.1502101421,"11":2.3174738884,"12":2.3543188572,"13":2.6021206379,"14":2.3950879574,"15":2.5088953972,"16":2.4795246124,"17":2.6650788784,"18":2.5334761143,"19":2.4195568562,"20":2.913122654,"21":2.9388782978,"22":2.4889507294,"23":2.841902256,"24":2.6364889145,"25":2.8816215992,"26":3.0353479385,"27":3.0419483185,"28":2.9507215023,"29":3.0143325329},"val_acc":{"0":0.3965231776,"1":0.3104304671,"2":0.3369205296,"3":0.4263245165,"4":0.4081125855,"5":0.3725165427,"6":0.4048013389,"7":0.3849337697,"8":0.4097682238,"9":0.4081125855,"10":0.3708609343,"11":0.3683774769,"12":0.375,"13":0.3451986611,"14":0.393211931,"15":0.3865894079,"16":0.3774834573,"17":0.3634105921,"18":0.4081125855,"19":0.4296357632,"20":0.369205296,"21":0.356788069,"22":0.4337748289,"23":0.387417227,"24":0.4354304671,"25":0.4172185361,"26":0.3700331151,"27":0.3882450461,"28":0.4097682238,"29":0.4072847664}}