{"loss":{"0":1.2781881094,"1":0.7744486928,"2":0.6357405186,"3":0.5432500243,"4":0.5076976418,"5":0.4677128792,"6":0.4497674108,"7":0.4011321664,"8":0.3819411695,"9":0.3674278259,"10":0.3817329407,"11":0.3628475368,"12":0.3603642285,"13":0.349762857,"14":0.3589738905,"15":0.3601589799,"16":0.356679529},"acc":{"0":0.5946745276,"1":0.6878698468,"2":0.7524654865,"3":0.7800788879,"4":0.8037475348,"5":0.8086785078,"6":0.8219920993,"7":0.8357988,"8":0.8402366638,"9":0.8471400142,"10":0.8417159915,"11":0.8456607461,"12":0.8505917192,"13":0.8500986099,"14":0.8505917192,"15":0.8496055007,"16":0.8535503149},"val_loss":{"0":1.1218243837,"1":1.7277436256,"2":2.524841547,"3":2.1865692139,"4":2.7989308834,"5":2.2622284889,"6":2.7266690731,"7":3.0438849926,"8":3.287569046,"9":3.4177770615,"10":3.6148064137,"11":3.573192358,"12":3.5496273041,"13":3.544615984,"14":3.5115230083,"15":3.5206623077,"16":3.5281484127},"val_acc":{"0":0.5819536448,"1":0.5769867301,"2":0.5596026778,"3":0.5562914014,"4":0.5612582564,"5":0.5405629277,"6":0.5596026778,"7":0.5620861053,"8":0.5620861053,"9":0.5571191907,"10":0.5596026778,"11":0.5587748289,"12":0.5587748289,"13":0.5587748289,"14":0.5596026778,"15":0.5596026778,"16":0.5596026778},"lr":{"0":0.001,"1":0.001,"2":0.001,"3":0.001,"4":0.001,"5":0.001,"6":0.00005,"7":0.00005,"8":0.00005,"9":0.00005,"10":0.00005,"11":0.0000025,"12":0.0000025,"13":0.0000025,"14":0.0000025,"15":0.0000025,"16":0.000002}}