{"loss":{"0":0.9938538074,"1":0.7027203441,"2":0.5889154673,"3":0.5076910257,"4":0.454507798,"5":0.4288157225,"6":0.3864057958,"7":0.3898625374,"8":0.3436629772,"9":0.3349323273,"10":0.3082611561,"11":0.2917564809,"12":0.2632946372,"13":0.2712420225,"14":0.2523739934,"15":0.2374999523,"16":0.2215570211,"17":0.2091161907,"18":0.2183470428,"19":0.2111496776,"20":0.207781598,"21":0.178699404,"22":0.1825116426,"23":0.1642076522,"24":0.1685641855,"25":0.150785774,"26":0.1524862498,"27":0.142951265,"28":0.1399689019,"29":0.1432013512},"accuracy":{"0":0.6005917192,"1":0.7312623262,"2":0.7820512652,"3":0.8067061305,"4":0.8318540454,"5":0.8377711773,"6":0.8560158014,"7":0.8530572057,"8":0.8648915291,"9":0.8722879887,"10":0.8806706071,"11":0.8856015801,"12":0.9008875489,"13":0.8944773078,"14":0.9028599858,"15":0.9112426043,"16":0.9166666865,"17":0.9176528454,"18":0.9225838184,"19":0.9215976596,"20":0.9245561957,"21":0.9388560057,"22":0.9275147915,"23":0.9447731972,"24":0.940828383,"25":0.9501972198,"26":0.9482248425,"27":0.9516765475,"28":0.9531558156,"29":0.9482248425},"val_loss":{"0":1.2953252792,"1":1.5786577463,"2":1.451228857,"3":1.5951868296,"4":1.7068345547,"5":1.726334691,"6":1.7278040648,"7":1.7737717628,"8":1.9990690947,"9":1.9125564098,"10":1.933506608,"11":2.1235654354,"12":2.0222899914,"13":2.1195328236,"14":2.1189501286,"15":2.386852026,"16":2.3239552975,"17":2.3554534912,"18":2.3739778996,"19":2.2975869179,"20":2.455483675,"21":2.4956805706,"22":2.5045540333,"23":2.5180382729,"24":2.503385067,"25":2.5267539024,"26":2.5607848167,"27":2.5786550045,"28":2.6389734745,"29":2.7157320976},"val_accuracy":{"0":0.5827814341,"1":0.572019875,"2":0.5819536448,"3":0.5802980065,"4":0.5819536448,"5":0.5827814341,"6":0.5869205594,"7":0.5852649212,"8":0.5827814341,"9":0.5860927105,"10":0.5753311515,"11":0.5802980065,"12":0.5736755133,"13":0.577814579,"14":0.5819536448,"15":0.5769867301,"16":0.577814579,"17":0.5753311515,"18":0.577814579,"19":0.5802980065,"20":0.5761589408,"21":0.5687085986,"22":0.5736755133,"23":0.5753311515,"24":0.5753311515,"25":0.5745033026,"26":0.5769867301,"27":0.5769867301,"28":0.5753311515,"29":0.572019875}}