{"loss":{"0":0.9029998183,"1":0.3320909441,"2":0.2401627004,"3":0.1747778356,"4":0.0854838938,"5":0.0737053677,"6":0.0635938346,"7":0.0378813483,"8":0.0336737297,"9":0.0292685628,"10":0.0217386279,"11":0.024542423,"12":0.0228526276,"13":0.0224206205,"14":0.0203575976,"15":0.0211658068,"16":0.0189998429,"17":0.0198068488,"18":0.0176640768,"19":0.0253823567,"20":0.0232127085,"21":0.0180222914,"22":0.0214655995,"23":0.0150603736,"24":0.0212890338,"25":0.0168448128,"26":0.0162456315,"27":0.0202288888,"28":0.019084299},"acc":{"0":0.789940834,"1":0.8545364738,"2":0.9068047404,"3":0.9314595461,"4":0.9689348936,"5":0.9718934894,"6":0.9763313532,"7":0.9857001901,"8":0.9916173816,"9":0.9906311631,"10":0.9930966496,"11":0.9911242723,"12":0.9930966496,"13":0.9940828681,"14":0.9935897589,"15":0.9935897589,"16":0.9950690269,"17":0.9935897589,"18":0.9960552454,"19":0.9921104312,"20":0.9911242723,"21":0.9955621362,"22":0.9926035404,"23":0.9975345135,"24":0.9926035404,"25":0.9955621362,"26":0.9960552454,"27":0.9950690269,"28":0.9950690269},"val_loss":{"0":1.0738095045,"1":1.564365983,"2":2.0562710762,"3":5.2678074837,"4":4.3635668755,"5":3.6707367897,"6":3.0809161663,"7":2.8088862896,"8":2.7126817703,"9":2.8114571571,"10":3.0327954292,"11":3.2112014294,"12":3.4131197929,"13":3.5799357891,"14":3.7405831814,"15":3.9277629852,"16":4.1218962669,"17":4.2423791885,"18":4.327495575,"19":4.3898439407,"20":4.3949146271,"21":4.4163990021,"22":4.4195976257,"23":4.4300656319,"24":4.4218606949,"25":4.4216065407,"26":4.4120459557,"27":4.4337301254,"28":4.4333353043},"val_acc":{"0":0.5761589408,"1":0.5761589408,"2":0.5761589408,"3":0.0612582788,"4":0.244205296,"5":0.5761589408,"6":0.5761589408,"7":0.572019875,"8":0.5695364475,"9":0.5670529604,"10":0.5637417436,"11":0.5678808093,"12":0.5678808093,"13":0.5620861053,"14":0.5513244867,"15":0.547185421,"16":0.547185421,"17":0.5488410592,"18":0.5455297828,"19":0.5496688485,"20":0.547185421,"21":0.5480132699,"22":0.5488410592,"23":0.5488410592,"24":0.5480132699,"25":0.5488410592,"26":0.5480132699,"27":0.5488410592,"28":0.5480132699},"lr":{"0":0.0099999998,"1":0.0099999998,"2":0.0099999998,"3":0.0099999998,"4":0.0099999998,"5":0.0099999998,"6":0.0005,"7":0.0005,"8":0.0005,"9":0.0005,"10":0.0005,"11":0.000025,"12":0.000025,"13":0.000025,"14":0.000025,"15":0.000025,"16":0.000002,"17":0.000002,"18":0.000002,"19":0.000002,"20":0.000002,"21":0.000002,"22":0.000002,"23":0.000002,"24":0.000002,"25":0.000002,"26":0.000002,"27":0.000002,"28":0.000002}}