{"loss":{"0":0.8267016411,"1":0.589871347,"2":0.515648663,"3":0.4682585001,"4":0.4448149204,"5":0.4226996303,"6":0.3991316259,"7":0.3903617859,"8":0.3743492663,"9":0.353933692,"10":0.3469513953,"11":0.3444785476,"12":0.3427402973,"13":0.324878037,"14":0.3261052072,"15":0.3198208213,"16":0.3103833497,"17":0.3036941886,"18":0.296269834,"19":0.3057852089,"20":0.2887162566,"21":0.2874731421,"22":0.2845583856,"23":0.2823755443,"24":0.2781146169,"25":0.2631212473,"26":0.2785374224,"27":0.2598320544,"28":0.2537501156,"29":0.2542619407},"acc":{"0":0.6563116312,"1":0.7840236425,"2":0.8076922894,"3":0.823471427,"4":0.8333333135,"5":0.8353056908,"6":0.8397436142,"7":0.844181478,"8":0.8466469646,"9":0.8565088511,"10":0.8555226922,"11":0.8619329333,"12":0.8589743376,"13":0.8653846383,"14":0.8624260426,"15":0.8663707972,"16":0.8698225021,"17":0.870808661,"18":0.8767258525,"19":0.875739634,"20":0.8796843886,"21":0.8796843886,"22":0.879191339,"23":0.8841223121,"24":0.8801774979,"25":0.891518712,"26":0.8870808482,"27":0.8959566355,"28":0.8895463347,"29":0.9008875489},"val_loss":{"0":1.1477849483,"1":1.4135795832,"2":1.68120718,"3":1.7712388039,"4":2.0316646099,"5":2.3713428974,"6":2.1769125462,"7":2.9241595268,"8":2.6385793686,"9":2.8839304447,"10":3.0164041519,"11":2.9807939529,"12":3.5417568684,"13":3.7117660046,"14":3.4889171124,"15":3.676428318,"16":3.3263170719,"17":3.71996665,"18":3.8000044823,"19":3.6741328239,"20":3.6967406273,"21":3.5799560547,"22":4.1603307724,"23":4.2565326691,"24":4.3283390999,"25":4.2989163399,"26":4.7742056847,"27":4.6865115166,"28":4.7036719322,"29":4.5878515244},"val_acc":{"0":0.5711920261,"1":0.5802980065,"2":0.5877483487,"3":0.5877483487,"4":0.5819536448,"5":0.5894039869,"6":0.5745033026,"7":0.5745033026,"8":0.5852649212,"9":0.572019875,"10":0.5496688485,"11":0.5769867301,"12":0.5761589408,"13":0.5844370723,"14":0.5521523356,"15":0.5331125855,"16":0.5827814341,"17":0.5629138947,"18":0.5298013091,"19":0.5579470396,"20":0.572019875,"21":0.5678808093,"22":0.5115894079,"23":0.5653973222,"24":0.5637417436,"25":0.5596026778,"26":0.530629158,"27":0.5314569473,"28":0.5107616186,"29":0.5521523356}}